Date,Open,High,Low,Close,Adj Close,Volume,Dividends,Stock Splits
2024-12-01,3.6490840911865234,3.649101972579956,3.2658369541168213,3.4356849193573,3.4356849193573,985194089,0.0,0.0
2024-12-02,3.3872170448303223,3.404010057449341,3.093864917755127,3.288153886795044,3.288153886795044,871488521,0.0,0.0
2024-12-03,3.288203001022339,3.474123001098633,3.0239810943603516,3.315013885498047,3.315013885498047,1221532075,0.0,0.0
2024-12-04,3.315013885498047,3.4732890129089355,3.2014830112457275,3.2948760986328125,3.2948760986328125,932842420,0.0,0.0
2024-12-05,3.2948760986328125,4.075869083404541,3.1389529705047607,3.749084949493408,3.749084949493408,1739982969,0.0,0.0
2024-12-06,3.7225499153137207,4.170076847076416,3.6530730724334717,3.9238009452819824,3.9238009452819824,1300278623,0.0,0.0
2024-12-07,3.9238009452819824,3.934623956680298,3.7525570392608643,3.7732560634613037,3.7732560634613037,498677052,0.0,0.0
2024-12-08,3.8045709133148193,3.8213489055633545,3.6590869426727295,3.765631914138794,3.765631914138794,378930040,0.0,0.0
2024-12-09,3.815347909927368,3.8157880306243896,2.6370959281921387,2.939694881439209,2.939694881439209,1192168194,0.0,0.0
2024-12-10,2.939694881439209,3.036623001098633,2.5915908813476562,2.840363025665283,2.840363025665283,1049457307,0.0,0.0
2024-12-11,2.840363025665283,3.153769016265869,2.7193830013275146,3.1348860263824463,3.1348860263824463,654271459,0.0,0.0
2024-12-12,3.1348860263824463,3.3443150520324707,3.0167460441589355,3.075956106185913,3.075956106185913,631258436,0.0,0.0
2024-12-13,3.075956106185913,3.124195098876953,2.9976511001586914,3.02832293510437,3.02832293510437,444063555,0.0,0.0
2024-12-14,3.0900909900665283,3.108103036880493,2.8445780277252197,2.921928882598877,2.921928882598877,344438979,0.0,0.0
2024-12-15,2.921928882598877,3.090991973876953,2.872386932373047,3.0469729900360107,3.0469729900360107,376322395,0.0,0.0
2024-12-16,3.0469729900360107,3.149808883666992,2.849666118621826,2.8625950813293457,2.8625950813293457,457117607,0.0,0.0
2024-12-17,2.8625950813293457,2.906294107437134,2.693514108657837,2.70707106590271,2.70707106590271,402953303,0.0,0.0
2024-12-18,2.707041025161743,2.7261979579925537,2.4164319038391113,2.4193129539489746,2.4193129539489746,556464458,0.0,0.0
2024-12-19,2.4193129539489746,2.462625026702881,2.1247079372406006,2.1947340965270996,2.1947340965270996,668018419,0.0,0.0
2024-12-20,2.1947340965270996,2.395076036453247,1.9538719654083252,2.3659090995788574,2.3659090995788574,669678949,0.0,0.0
2024-12-21,2.3659090995788574,2.502074956893921,2.151840925216675,2.1833760738372803,2.1833760738372803,406262715,0.0,0.0
2024-12-22,2.1833760738372803,2.2999000549316406,2.1450390815734863,2.2139220237731934,2.2139220237731934,306722750,0.0,0.0
2024-12-23,2.2139220237731934,2.357120990753174,2.119234085083008,2.3175339698791504,2.3175339698791504,364536108,0.0,0.0
2024-12-24,2.3175339698791504,2.4134180545806885,2.2510929107666016,2.3587989807128906,2.3587989807128906,306503876,0.0,0.0
2024-12-25,2.3587989807128906,2.3842899799346924,2.26949405670166,2.3003408908843994,2.3003408908843994,237937991,0.0,0.0
2024-12-26,2.3003408908843994,2.3203229904174805,2.1513829231262207,2.183134078979492,2.183134078979492,225955097,0.0,0.0
2024-12-27,2.1831231117248535,2.305119037628174,2.1645169258117676,2.180061101913452,2.180061101913452,291899550,0.0,0.0
2024-12-28,2.180061101913452,2.2435660362243652,2.133265972137451,2.2274301052093506,2.2274301052093506,180830458,0.0,0.0
2024-12-29,2.2274301052093506,2.2310099601745605,2.087790012359619,2.1055729389190674,2.1055729389190674,163467659,0.0,0.0
2024-12-30,2.105463981628418,2.189605951309204,2.0191171169281006,2.075378894805908,2.075378894805908,281602125,0.0,0.0
2024-12-31,2.075378894805908,2.1698930263519287,2.020781993865967,2.0873489379882812,2.0873489379882812,199850796,0.0,0.0
2025-01-01,2.0873489379882812,2.224342107772827,2.080333948135376,2.2235219478607178,2.2235219478607178,201840602,0.0,0.0
2025-01-02,2.2235219478607178,2.352022886276245,2.209721088409424,2.290796995162964,2.290796995162964,290899495,0.0,0.0
2025-01-03,2.2906429767608643,2.4188549518585205,2.2100861072540283,2.4054579734802246,2.4054579734802246,317217430,0.0,0.0
2025-01-04,2.4054579734802246,2.437074899673462,2.344434976577759,2.379784107208252,2.379784107208252,234862565,0.0,0.0
2025-01-05,2.379784107208252,2.423737049102783,2.312509059906006,2.4124629497528076,2.4124629497528076,201909827,0.0,0.0
2025-01-06,2.4124629497528076,2.7930190563201904,2.347551107406616,2.6223230361938477,2.6223230361938477,714124425,0.0,0.0
2025-01-07,2.622328996658325,2.6650900840759277,2.3139100074768066,2.330544948577881,2.330544948577881,653076892,0.0,0.0
2025-01-08,2.330544948577881,2.361243963241577,2.0852479934692383,2.200093984603882,2.200093984603882,482638141,0.0,0.0
2025-01-09,2.200093984603882,2.2349300384521484,2.081334114074707,2.119680881500244,2.119680881500244,339969014,0.0,0.0
2025-01-10,2.119680881500244,2.1991050243377686,2.0621941089630127,2.164560079574585,2.164560079574585,348052526,0.0,0.0
2025-01-11,2.1645290851593018,2.2301299571990967,2.124845027923584,2.189918041229248,2.189918041229248,222651253,0.0,0.0
2025-01-12,2.189918041229248,2.202332019805908,2.1014130115509033,2.1426219940185547,2.1426219940185547,171694270,0.0,0.0
2025-01-13,2.1426219940185547,2.199979066848755,1.8499259948730469,1.961037039756775,1.961037039756775,478971724,0.0,0.0
2025-01-14,1.961037039756775,2.055933952331543,1.9473869800567627,2.037091016769409,2.037091016769409,243403358,0.0,0.0
2025-01-15,2.037091016769409,2.2160720825195312,1.9656360149383545,2.2111639976501465,2.2111639976501465,283770169,0.0,0.0
2025-01-16,2.2112090587615967,2.243993043899536,2.1241140365600586,2.149501085281372,2.149501085281372,255927707,0.0,0.0
2025-01-17,2.149501085281372,2.320262908935547,2.1489241123199463,2.29817795753479,2.29817795753479,293482720,0.0,0.0
2025-01-18,2.29817795753479,2.375941038131714,2.0969901084899902,2.1438651084899902,2.1438651084899902,315280923,0.0,0.0
2025-01-19,2.1438651084899902,2.231271982192993,1.8803720474243164,1.8997700214385986,1.8997700214385986,518749963,0.0,0.0
2025-01-20,1.8997700214385986,2.1481211185455322,1.8411309719085693,1.8934110403060913,1.8934110403060913,608007427,0.0,0.0
2025-01-21,1.8934110403060913,2.2950339317321777,1.7998640537261963,2.1283369064331055,2.1283369064331055,636610920,0.0,0.0
2025-01-22,2.1283369064331055,2.434952974319458,2.055757999420166,2.3129189014434814,2.3129189014434814,819404881,0.0,0.0
2025-01-23,2.3128979206085205,2.3361220359802246,2.1060280799865723,2.2660820484161377,2.2660820484161377,645117666,0.0,0.0
2025-01-24,2.266045093536377,2.322715997695923,2.1259870529174805,2.1298370361328125,2.1298370361328125,353965657,0.0,0.0
2025-01-25,2.1298398971557617,2.1770570278167725,2.080293893814087,2.0992040634155273,2.0992040634155273,222926648,0.0,0.0
2025-01-26,2.0992720127105713,2.1165030002593994,1.9935710430145264,1.9948920011520386,1.9948920011520386,192244588,0.0,0.0
2025-01-27,1.9948920011520386,1.9961750507354736,1.8182049989700317,1.903398036956787,1.903398036956787,388399738,0.0,0.0
2025-01-28,1.903398036956787,1.9294019937515259,1.6254080533981323,1.6374150514602661,1.6374150514602661,325822700,0.0,0.0
2025-01-29,1.6374150514602661,1.8208129405975342,1.6161919832229614,1.7217249870300293,1.7217249870300293,343047042,0.0,0.0
2025-01-30,1.7218029499053955,1.8523099422454834,1.710584044456482,1.767354965209961,1.767354965209961,280756305,0.0,0.0
2025-01-31,1.767354965209961,1.8693430423736572,1.7397010326385498,1.7700610160827637,1.7700610160827637,261240380,0.0,0.0
2025-02-01,1.7700339555740356,1.8073769807815552,1.6004929542541504,1.6167570352554321,1.6167570352554321,196538474,0.0,0.0
2025-02-02,1.6167570352554321,1.6371699571609497,1.319316029548645,1.3902349472045898,1.3902349472045898,437102133,0.0,0.0
2025-02-03,1.3902349472045898,1.445855975151062,1.043213963508606,1.4201140403747559,1.4201140403747559,861216487,0.0,0.0
2025-02-04,1.4201140403747559,1.430467963218689,1.250728964805603,1.3176389932632446,1.3176389932632446,317962599,0.0,0.0
2025-02-05,1.3176389932632446,1.3653160333633423,1.2653069496154785,1.2898269891738892,1.2898269891738892,195692792,0.0,0.0
2025-02-06,1.2898269891738892,1.3298920392990112,1.1904549598693848,1.2015589475631714,1.2015589475631714,191000644,0.0,0.0
2025-02-07,1.2015589475631714,1.3100229501724243,1.1551439762115479,1.2049800157546997,1.2049800157546997,234208424,0.0,0.0
2025-02-08,1.2049800157546997,1.262179970741272,1.200435996055603,1.248533010482788,1.248533010482788,155702022,0.0,0.0
2025-02-09,1.248533010482788,1.283594012260437,1.1526039838790894,1.224118947982788,1.224118947982788,158750471,0.0,0.0
2025-02-10,1.224118947982788,1.3228490352630615,1.1747289896011353,1.2555450201034546,1.2555450201034546,300523954,0.0,0.0
2025-02-11,1.2555450201034546,1.3443529605865479,1.2260359525680542,1.2437080144882202,1.2437080144882202,209548884,0.0,0.0
2025-02-12,1.2437050342559814,1.3010599613189697,1.1839410066604614,1.2834810018539429,1.2834810018539429,225230706,0.0,0.0
2025-02-13,1.2834810018539429,1.2915910482406616,1.2105740308761597,1.2256150245666504,1.2256150245666504,160453839,0.0,0.0
2025-02-14,1.2256150245666504,1.3350679874420166,1.2154120206832886,1.296278953552246,1.296278953552246,192561760,0.0,0.0
2025-02-15,1.2963080406188965,1.3046549558639526,1.2203949689865112,1.2338529825210571,1.2338529825210571,119313587,0.0,0.0
2025-02-16,1.2338260412216187,1.254997968673706,1.201920986175537,1.2208280563354492,1.2208280563354492,113674682,0.0,0.0
2025-02-17,1.2208280563354492,1.2749379873275757,1.1758389472961426,1.2032710313796997,1.2032710313796997,172647928,0.0,0.0
2025-02-18,1.2032710313796997,1.2120720148086548,1.0794470310211182,1.1354730129241943,1.1354730129241943,221193038,0.0,0.0
2025-02-19,1.1354730129241943,1.1586509943008423,1.1112979650497437,1.130715012550354,1.130715012550354,141415044,0.0,0.0
2025-02-20,1.130741000175476,1.210178017616272,1.1280629634857178,1.2033519744873047,1.2033519744873047,144680469,0.0,0.0
2025-02-21,1.2033519744873047,1.3165149688720703,1.1661770343780518,1.1794040203094482,1.1794040203094482,343268480,0.0,0.0
2025-02-22,1.1795270442962646,1.2842479944229126,1.1746540069580078,1.2569769620895386,1.2569769620895386,175152614,0.0,0.0
2025-02-23,1.2569470405578613,1.2733780145645142,1.2119970321655273,1.240470051765442,1.240470051765442,129790094,0.0,0.0
2025-02-24,1.240470051765442,1.2568999528884888,1.039355993270874,1.0531519651412964,1.0531519651412964,248967812,0.0,0.0
2025-02-25,1.0531929731369019,1.1102570295333862,0.9842749834060669,1.0891050100326538,1.0891050100326538,363810785,0.0,0.0
2025-02-26,1.0890790224075317,1.13053297996521,1.0478999614715576,1.1065880060195923,1.1065880060195923,212879115,0.0,0.0
2025-02-27,1.1065880060195923,1.179993987083435,1.100998044013977,1.151548981666565,1.151548981666565,239982983,0.0,0.0
2025-02-28,1.151574969291687,1.1545259952545166,1.0111119747161865,1.1097090244293213,1.1097090244293213,298486188,0.0,0.0
2025-03-01,1.109706997871399,1.1208209991455078,1.0719749927520752,1.10561203956604,1.10561203956604,139051563,0.0,0.0
2025-03-02,1.10561203956604,1.2197459936141968,1.0700730085372925,1.2125890254974365,1.2125890254974365,244731652,0.0,0.0
2025-03-03,1.2125320434570312,1.2516859769821167,1.031661033630371,1.048048973083496,1.048048973083496,326456398,0.0,0.0
2025-03-04,1.0480719804763794,1.0562490224838257,0.8812940120697021,0.9438080191612244,0.9438080191612244,374872224,0.0,0.0
2025-03-05,0.9438080191612244,1.0133370161056519,0.9340670108795166,0.9751219749450684,0.9751219749450684,215655954,0.0,0.0
2025-03-06,0.9750739932060242,1.008463978767395,0.9503700137138367,0.9612169861793518,0.9612169861793518,169003766,0.0,0.0
2025-03-07,0.9612169861793518,0.9856870174407959,0.9074509739875793,0.9352329969406128,0.9352329969406128,169509828,0.0,0.0
2025-03-08,0.9352329969406128,0.9526919722557068,0.8761829733848572,0.8881400227546692,0.8881400227546692,126613702,0.0,0.0
2025-03-09,0.8881400227546692,0.8997200131416321,0.7819820046424866,0.7954440116882324,0.7954440116882324,180836712,0.0,0.0
2025-03-10,0.7954440116882324,0.873058021068573,0.726095974445343,0.7559940218925476,0.7559940218925476,209972063,0.0,0.0
2025-03-11,0.7560669779777527,0.8270260095596313,0.7058010101318359,0.7967910170555115,0.7967910170555115,221671286,0.0,0.0
2025-03-12,0.7967910170555115,0.8416860103607178,0.7739700078964233,0.8411080241203308,0.8411080241203308,149211818,0.0,0.0
2025-03-13,0.8411080241203308,0.860381007194519,0.8056010007858276,0.8388620018959045,0.8388620018959045,131914933,0.0,0.0
2025-03-14,0.8388620018959045,0.8923550248146057,0.8350859880447388,0.870864987373352,0.870864987373352,110468413,0.0,0.0
2025-03-15,0.8707979917526245,0.8872129917144775,0.8624929785728455,0.8781520128250122,0.8781520128250122,70562111,0.0,0.0
2025-03-16,0.8781470060348511,0.9059849977493286,0.820635974407196,0.8332279920578003,0.8332279920578003,126550934,0.0,0.0
2025-03-17,0.8331699967384338,0.8937609791755676,0.8328570127487183,0.8722919821739197,0.8722919821739197,138660466,0.0,0.0
2025-03-18,0.8723189830780029,0.8723189830780029,0.8128029704093933,0.8374159932136536,0.8374159932136536,97459403,0.0,0.0
2025-03-19,0.8374159932136536,0.8966479897499084,0.8363019824028015,0.8965700268745422,0.8965700268745422,110976761,0.0,0.0
2025-03-20,0.8965650200843811,0.9165279865264893,0.850944995880127,0.8559380173683167,0.8559380173683167,116634154,0.0,0.0
2025-03-21,0.8559409976005554,0.8709930181503296,0.8136469721794128,0.8143110275268555,0.8143110275268555,87834401,0.0,0.0
2025-03-22,0.8143110275268555,0.8441699743270874,0.8143110275268555,0.825469970703125,0.825469970703125,78423683,0.0,0.0
2025-03-23,0.825469970703125,0.8423759937286377,0.8121489882469177,0.8276990056037903,0.8276990056037903,78317828,0.0,0.0
2025-03-24,0.8277270197868347,0.94132000207901,0.8167650103569031,0.9042490124702454,0.9042490124702454,226444567,0.0,0.0
2025-03-25,0.9043599963188171,0.9430000185966492,0.9015359878540039,0.9342809915542603,0.9342809915542603,128524678,0.0,0.0
2025-03-26,0.9342809915542603,0.9765980243682861,0.9247840046882629,0.9298840165138245,0.9298840165138245,135062148,0.0,0.0
2025-03-27,0.9298840165138245,0.9828699827194214,0.9281399846076965,0.9485369920730591,0.9485369920730591,128811093,0.0,0.0
2025-03-28,0.9485369920730591,0.9544789791107178,0.8315479755401611,0.8405029773712158,0.8405029773712158,154361105,0.0,0.0
2025-03-29,0.8405029773712158,0.8481339812278748,0.7675840258598328,0.7789959907531738,0.7789959907531738,109971088,0.0,0.0
2025-03-30,0.7789859771728516,0.8028749823570251,0.7654269933700562,0.7783439755439758,0.7783439755439758,86011182,0.0,0.0
2025-03-31,0.7784140110015869,0.7881720066070557,0.7468140125274658,0.7699900269508362,0.7699900269508362,115845448,0.0,0.0
2025-04-01,0.7699900269508362,0.8422300219535828,0.7685880064964294,0.8020190000534058,0.8020190000534058,121581867,0.0,0.0
2025-04-02,0.8019919991493225,0.8051750063896179,0.7135549783706665,0.7272049784660339,0.7272049784660339,178294256,0.0,0.0
2025-04-03,0.7272049784660339,0.7644680142402649,0.7061190009117126,0.7512710094451904,0.7512710094451904,135074701,0.0,0.0
2025-04-04,0.7512459754943848,0.7706220149993896,0.7280960083007812,0.7592740058898926,0.7592740058898926,118059040,0.0,0.0
2025-04-05,0.7592740058898926,0.7611950039863586,0.7297880053520203,0.744642972946167,0.744642972946167,57979756,0.0,0.0
2025-04-06,0.7446380257606506,0.7447869777679443,0.6199529767036438,0.6315410137176514,0.6315410137176514,150273979,0.0,0.0
2025-04-07,0.6315159797668457,0.6778500080108643,0.581716001033783,0.6495400071144104,0.6495400071144104,264504543,0.0,0.0
2025-04-08,0.6495400071144104,0.6657969951629639,0.6129680275917053,0.616972029209137,0.616972029209137,115467134,0.0,0.0
2025-04-09,0.616972029209137,0.7103999853134155,0.5941389799118042,0.710211992263794,0.710211992263794,195016415,0.0,0.0
2025-04-10,0.7102029919624329,0.721917986869812,0.6773989796638489,0.6949750185012817,0.6949750185012817,143201280,0.0,0.0
2025-04-11,0.6949750185012817,0.7482979893684387,0.6937649846076965,0.7400060296058655,0.7400060296058655,105352790,0.0,0.0
2025-04-12,0.7400060296058655,0.78752601146698,0.7289400100708008,0.7811530232429504,0.7811530232429504,100361901,0.0,0.0
2025-04-13,0.7811830043792725,0.790440022945404,0.7296000123023987,0.743399977684021,0.743399977684021,106751705,0.0,0.0
2025-04-14,0.7434020042419434,0.7751380205154419,0.7350379824638367,0.7397509813308716,0.7397509813308716,102128934,0.0,0.0
2025-04-15,0.7397509813308716,0.7527449727058411,0.7070170044898987,0.7082700133323669,0.7082700133323669,92766638,0.0,0.0
2025-04-16,0.7082840204238892,0.720067024230957,0.6808379888534546,0.6912469863891602,0.6912469863891602,95941090,0.0,0.0
2025-04-17,0.6912469863891602,0.716277003288269,0.6824449896812439,0.6994680166244507,0.6994680166244507,79204400,0.0,0.0
2025-04-18,0.6994680166244507,0.7242550253868103,0.693871021270752,0.70933598279953,0.70933598279953,68998697,0.0,0.0
2025-04-19,0.70933598279953,0.7725110054016113,0.7061989903450012,0.7684440016746521,0.7684440016746521,85333385,0.0,0.0
2025-04-20,0.7684440016746521,0.7867950201034546,0.7402539849281311,0.7769629955291748,0.7769629955291748,84507890,0.0,0.0
2025-04-21,0.7769629955291748,0.8000230193138123,0.7619330286979675,0.766294002532959,0.766294002532959,97329735,0.0,0.0
2025-04-22,0.7662889957427979,0.839451014995575,0.7520859837532043,0.8393589854240417,0.8393589854240417,127189027,0.0,0.0
2025-04-23,0.8393589854240417,0.8811290264129639,0.8382499814033508,0.8634219765663147,0.8634219765663147,156564092,0.0,0.0
2025-04-24,0.8634470105171204,0.9237679839134216,0.8363469839096069,0.9176980257034302,0.9176980257034302,189502564,0.0,0.0
2025-04-25,0.9177340269088745,1.0722500085830688,0.8950830101966858,1.0470900535583496,1.0470900535583496,304098288,0.0,0.0
2025-04-26,1.0471559762954712,1.2533730268478394,1.0471470355987549,1.2183949947357178,1.2183949947357178,505132186,0.0,0.0
2025-04-27,1.2182849645614624,1.231814980506897,1.1125149726867676,1.1268810033798218,1.1268810033798218,288382399,0.0,0.0
2025-04-28,1.126886010169983,1.1789560317993164,1.0757620334625244,1.1369839906692505,1.1369839906692505,346673371,0.0,0.0
2025-04-29,1.1369839906692505,1.1825569868087769,1.0710209608078003,1.0884770154953003,1.0884770154953003,283817762,0.0,0.0
2025-04-30,1.088441014289856,1.167667031288147,1.0091769695281982,1.1324549913406372,1.1324549913406372,337918662,0.0,0.0
2025-05-01,1.1324310302734375,1.1648080348968506,1.0172840356826782,1.0498360395431519,1.0498360395431519,400576705,0.0,0.0
2025-05-02,1.0498319864273071,1.0649830102920532,1.0157690048217773,1.0331510305404663,1.0331510305404663,188793458,0.0,0.0
2025-05-03,1.0331510305404663,1.0331510305404663,0.9541029930114746,0.9557039737701416,0.9557039737701416,137939461,0.0,0.0
2025-05-04,0.9557039737701416,0.963595986366272,0.9175440073013306,0.9230189919471741,0.9230189919471741,113843030,0.0,0.0
2025-05-05,0.9230419993400574,0.962680995464325,0.8545309901237488,0.8706619739532471,0.8706619739532471,174205881,0.0,0.0
2025-05-06,0.8707039952278137,0.9356589913368225,0.8628910183906555,0.9281749725341797,0.9281749725341797,161416795,0.0,0.0
2025-05-07,0.9282630085945129,0.9715530276298523,0.9066979885101318,0.9278249740600586,0.9278249740600586,171323742,0.0,0.0
2025-05-08,0.927819013595581,1.0743759870529175,0.926256000995636,1.060520052909851,1.060520052909851,258543830,0.0,0.0
2025-05-09,1.0605419874191284,1.1751140356063843,1.0542490482330322,1.1394070386886597,1.1394070386886597,326881987,0.0,0.0
2025-05-10,1.1394309997558594,1.2501460313796997,1.1374770402908325,1.2496949434280396,1.2496949434280396,275031585,0.0,0.0
2025-05-11,1.2497429847717285,1.3571239709854126,1.2167099714279175,1.2612329721450806,1.2612329721450806,394541305,0.0,0.0
2025-05-12,1.2612680196762085,1.3475250005722046,1.2113640308380127,1.2820730209350586,1.2820730209350586,396378636,0.0,0.0
2025-05-13,1.282014012336731,1.334326982498169,1.178961992263794,1.301239013671875,1.301239013671875,275337565,0.0,0.0
2025-05-14,1.301239013671875,1.3167550563812256,1.2222850322723389,1.2414230108261108,1.2414230108261108,209549344,0.0,0.0
2025-05-15,1.2413400411605835,1.2677979469299316,1.1182719469070435,1.1439720392227173,1.1439720392227173,221254786,0.0,0.0
2025-05-16,1.1439290046691895,1.185683012008667,1.1006640195846558,1.1097500324249268,1.1097500324249268,157924021,0.0,0.0
2025-05-17,1.1097500324249268,1.1118309497833252,1.0591020584106445,1.0737890005111694,1.0737890005111694,149020072,0.0,0.0
2025-05-18,1.0737890005111694,1.1872199773788452,1.0677520036697388,1.1805989742279053,1.1805989742279053,191332091,0.0,0.0
2025-05-19,1.1805989742279053,1.186715006828308,1.0699310302734375,1.1288889646530151,1.1288889646530151,195835945,0.0,0.0
2025-05-20,1.1288889646530151,1.1592580080032349,1.0642869472503662,1.1134870052337646,1.1134870052337646,220298847,0.0,0.0
2025-05-21,1.1134870052337646,1.255547046661377,1.0947519540786743,1.1949419975280762,1.1949419975280762,374399082,0.0,0.0
2025-05-22,1.194944977760315,1.6417529582977295,1.1939070224761963,1.521101951599121,1.521101951599121,998314988,0.0,0.0
2025-05-23,1.521101951599121,1.5916210412979126,1.3420289754867554,1.3547099828720093,1.3547099828720093,800913938,0.0,0.0
2025-05-24,1.3546619415283203,1.5177799463272095,1.3538049459457397,1.4069709777832031,1.4069709777832031,399208828,0.0,0.0
2025-05-25,1.4069709777832031,1.4290510416030884,1.3165689706802368,1.42023503780365,1.42023503780365,269413562,0.0,0.0
2025-05-26,1.4203389883041382,1.4682060480117798,1.3422850370407104,1.3649519681930542,1.3649519681930542,315164196,0.0,0.0
2025-05-27,1.3649519681930542,1.4421240091323853,1.3330270051956177,1.4021459817886353,1.4021459817886353,338320806,0.0,0.0
2025-05-28,1.4021459817886353,1.4195560216903687,1.3064110279083252,1.3585859537124634,1.3585859537124634,263668623,0.0,0.0
2025-05-29,1.3585859537124634,1.3975800275802612,1.3074719905853271,1.30794095993042,1.30794095993042,199007010,0.0,0.0
2025-05-30,1.308066964149475,1.3223530054092407,1.120609998703003,1.125846028327942,1.125846028327942,341672623,0.0,0.0
2025-05-31,1.125846028327942,1.1706130504608154,1.0783809423446655,1.1376579999923706,1.1376579999923706,237909883,0.0,0.0
2025-06-01,1.1376579999923706,1.1739059686660767,1.1017550230026245,1.1653300523757935,1.1653300523757935,130283449,0.0,0.0
2025-06-02,1.1653289794921875,1.1913659572601318,1.1089290380477905,1.1894680261611938,1.1894680261611938,149397725,0.0,0.0
2025-06-03,1.1894400119781494,1.2482049465179443,1.1795680522918701,1.1885279417037964,1.1885279417037964,197970366,0.0,0.0
2025-06-04,1.1884900331497192,1.2101670503616333,1.1359449625015259,1.1361310482025146,1.1361310482025146,152731205,0.0,0.0
2025-06-05,1.1361349821090698,1.1461910009384155,1.0168490409851074,1.036391019821167,1.036391019821167,192456027,0.0,0.0
2025-06-06,1.036391019821167,1.092527985572815,1.0333980321884155,1.063647985458374,1.063647985458374,166066737,0.0,0.0
2025-06-07,1.063647985458374,1.1393729448318481,1.0604770183563232,1.121852993965149,1.121852993965149,116794464,0.0,0.0
2025-06-08,1.121852993965149,1.1420940160751343,1.092244029045105,1.1055630445480347,1.1055630445480347,97224027,0.0,0.0
2025-06-09,1.1055630445480347,1.1675529479980469,1.0711669921875,1.1643619537353516,1.1643619537353516,191746862,0.0,0.0
2025-06-10,1.1643619537353516,1.1923149824142456,1.11900794506073,1.1793179512023926,1.1793179512023926,214747337,0.0,0.0
2025-06-11,1.1793049573898315,1.215345025062561,1.0995759963989258,1.1212430000305176,1.1212430000305176,248549895,0.0,0.0
2025-06-12,1.1212719678878784,1.1215330362319946,1.019760012626648,1.0311260223388672,1.0311260223388672,199045791,0.0,0.0
2025-06-13,1.0311260223388672,1.0311260223388672,0.940625011920929,1.0029269456863403,1.0029269456863403,282277095,0.0,0.0
2025-06-14,1.0029269456863403,1.0053720474243164,0.9558910131454468,0.976626992225647,0.976626992225647,92093902,0.0,0.0
2025-06-15,0.976626992225647,0.9951300024986267,0.9563860297203064,0.9802650213241577,0.9802650213241577,89696755,0.0,0.0
2025-06-16,0.9802650213241577,1.0259469747543335,0.960345983505249,0.960536003112793,0.960536003112793,160272930,0.0,0.0
2025-06-17,0.9605370163917542,0.9663839936256409,0.8935959935188293,0.912771999835968,0.912771999835968,233749917,0.0,0.0
2025-06-18,0.912771999835968,0.9573720097541809,0.8700799942016602,0.9567310214042664,0.9567310214042664,184809773,0.0,0.0
2025-06-19,0.9567310214042664,0.968658983707428,0.9212909936904907,0.9314460158348083,0.9314460158348083,127381896,0.0,0.0
2025-06-20,0.9314500093460083,0.9517109990119934,0.8734250068664551,0.8854749798774719,0.8854749798774719,224532855,0.0,0.0
2025-06-21,0.8854749798774719,0.8955439925193787,0.8140760064125061,0.8618249893188477,0.8618249893188477,157653327,0.0,0.0
2025-06-22,0.8618249893188477,0.879023015499115,0.7772179841995239,0.8274210095405579,0.8274210095405579,265352435,0.0,0.0
2025-06-23,0.8274210095405579,0.9321510195732117,0.8025689721107483,0.9278979897499084,0.9278979897499084,255801293,0.0,0.0
2025-06-24,0.9278979897499084,0.9576320052146912,0.9077190160751343,0.9309340119361877,0.9309340119361877,197640138,0.0,0.0
2025-06-25,0.9309340119361877,0.9380139708518982,0.8780660033226013,0.8849980235099792,0.8849980235099792,141261444,0.0,0.0
2025-06-26,0.8849980235099792,0.9120180010795593,0.8547109961509705,0.8628339767456055,0.8628339767456055,131219194,0.0,0.0
2025-06-27,0.8628339767456055,0.8841339945793152,0.8530449867248535,0.8730570077896118,0.8730570077896118,116690279,0.0,0.0
2025-06-28,0.8730570077896118,0.9043660163879395,0.8682659864425659,0.895779013633728,0.895779013633728,105156823,0.0,0.0
2025-06-29,0.895779013633728,0.9572129845619202,0.8869649767875671,0.9433720111846924,0.9433720111846924,115263214,0.0,0.0
2025-06-30,0.9434030055999756,0.9448400139808655,0.885899007320404,0.898822009563446,0.898822009563446,151221308,0.0,0.0
2025-07-01,0.898822009563446,0.9017220139503479,0.8458790183067322,0.8553789854049683,0.8553789854049683,112811152,0.0,0.0
2025-07-02,0.8551729917526245,0.9655569791793823,0.848343014717102,0.9435660243034363,0.9435660243034363,207443422,0.0,0.0
2025-07-03,0.943585991859436,0.9822620153427124,0.9239979982376099,0.9434149861335754,0.9434149861335754,184965391,0.0,0.0
2025-07-04,0.9434149861335754,0.9499070048332214,0.8626909852027893,0.8738170266151428,0.8738170266151428,129607285,0.0,0.0
2025-07-05,0.8738170266151428,0.886709988117218,0.8573970198631287,0.8691520094871521,0.8691520094871521,79100307,0.0,0.0
2025-07-06,0.8691520094871521,0.909650981426239,0.8603450059890747,0.8936300277709961,0.8936300277709961,95443091,0.0,0.0
2025-07-07,0.8936300277709961,0.9082430005073547,0.8602060079574585,0.8718529939651489,0.8718529939651489,100107954,0.0,0.0
2025-07-08,0.8718529939651489,0.8866509795188904,0.8548060059547424,0.8753269910812378,0.8753269910812378,100610751,0.0,0.0
2025-07-09,0.8753269910812378,0.9181169867515564,0.860916018486023,0.9130290150642395,0.9130290150642395,160476777,0.0,0.0
2025-07-10,0.9130290150642395,1.0681250095367432,0.9003689885139465,1.0675350427627563,1.0675350427627563,302322056,0.0,0.0
2025-07-11,1.0675350427627563,1.1364840269088745,1.021517038345337,1.041301965713501,1.041301965713501,437096600,0.0,0.0
2025-07-12,1.041301965713501,1.0554980039596558,0.9953269958496094,1.0279289484024048,1.0279289484024048,215828342,0.0,0.0
2025-07-13,1.0279289484024048,1.0773639678955078,1.0250760316848755,1.0459339618682861,1.0459339618682861,194503082,0.0,0.0
2025-07-14,1.0459339618682861,1.1182570457458496,1.0242539644241333,1.0517230033874512,1.0517230033874512,301775593,0.0,0.0
2025-07-15,1.0517230033874512,1.0851629972457886,0.9974290132522583,1.0843100547790527,1.0843100547790527,286619677,0.0,0.0
2025-07-16,1.0843100547790527,1.1481889486312866,1.0512629747390747,1.1083159446716309,1.1083159446716309,295274064,0.0,0.0
2025-07-17,1.1083159446716309,1.1302160024642944,1.0603059530258179,1.1069890260696411,1.1069890260696411,312865514,0.0,0.0
2025-07-18,1.1069029569625854,1.2080800533294678,1.1030999422073364,1.1389909982681274,1.1389909982681274,428455590,0.0,0.0
2025-07-19,1.1390019655227661,1.182023048400879,1.100242018699646,1.150799036026001,1.150799036026001,205619322,0.0,0.0
2025-07-20,1.150799036026001,1.279373049736023,1.1382149457931519,1.2255959510803223,1.2255959510803223,368266137,0.0,0.0
2025-07-21,1.2255959510803223,1.2873300313949585,1.1977430582046509,1.239300012588501,1.239300012588501,336299194,0.0,0.0
2025-07-22,1.239300012588501,1.3988579511642456,1.1654740571975708,1.3984869718551636,1.3984869718551636,619994325,0.0,0.0
2025-07-23,1.3984869718551636,1.3985580205917358,1.1299229860305786,1.1753180027008057,1.1753180027008057,559099344,0.0,0.0
2025-07-24,1.1753499507904053,1.1997220516204834,1.080551028251648,1.1381779909133911,1.1381779909133911,342265116,0.0,0.0
2025-07-25,1.1381779909133911,1.1672389507293701,1.0941109657287598,1.1655709743499756,1.1655709743499756,247273163,0.0,0.0
2025-07-26,1.1655709743499756,1.180361032485962,1.1535890102386475,1.1590189933776855,1.1590189933776855,149390141,0.0,0.0
2025-07-27,1.158992052078247,1.2223520278930664,1.1570669412612915,1.2168309688568115,1.2168309688568115,171843456,0.0,0.0
2025-07-28,1.2168309688568115,1.2361559867858887,1.1124320030212402,1.113327980041504,1.113327980041504,259452866,0.0,0.0
2025-07-29,1.1133860349655151,1.1364010572433472,1.0552510023117065,1.0814199447631836,1.0814199447631836,213656363,0.0,0.0
2025-07-30,1.0814199447631836,1.0836009979248047,1.0206539630889893,1.0631799697875977,1.0631799697875977,204926355,0.0,0.0
2025-07-31,1.0631799697875977,1.0929089784622192,1.00137197971344,1.0070500373840332,1.0070500373840332,169221645,0.0,0.0
2025-08-01,1.0070500373840332,1.0070500373840332,0.9405949711799622,0.9663230180740356,0.9663230180740356,241659922,0.0,0.0
2025-08-02,0.9663230180740356,0.9767919778823853,0.9137750267982483,0.9355499744415283,0.9355499744415283,139767678,0.0,0.0
2025-08-03,0.9355499744415283,0.9792690277099609,0.9333149790763855,0.974577009677887,0.974577009677887,121116673,0.0,0.0
2025-08-04,0.974573016166687,1.0139429569244385,0.9736350178718567,0.9992480278015137,0.9992480278015137,161301245,0.0,0.0
2025-08-05,0.9992480278015137,0.9995620250701904,0.9251930117607117,0.9446859955787659,0.9446859955787659,199129968,0.0,0.0
2025-08-06,0.9446859955787659,0.9709429740905762,0.9204670190811157,0.9668009877204895,0.9668009877204895,146751459,0.0,0.0
2025-08-07,0.9668009877204895,1.0258569717407227,0.958050012588501,1.0246930122375488,1.0246930122375488,182895236,0.0,0.0
2025-08-08,1.0246930122375488,1.0427069664001465,1.0018310546875,1.0343209505081177,1.0343209505081177,168829581,0.0,0.0
2025-08-09,1.0343209505081177,1.0967439413070679,1.0322450399398804,1.0777820348739624,1.0777820348739624,205340598,0.0,0.0
2025-08-10,1.0777859687805176,1.1037269830703735,1.033310055732727,1.0811580419540405,1.0811580419540405,198465767,0.0,0.0
2025-08-11,1.0811580419540405,1.108739972114563,0.9807090163230896,0.9929019808769226,0.9929019808769226,243879324,0.0,0.0
2025-08-12,0.9929019808769226,1.073922038078308,0.9679369926452637,1.0574380159378052,1.0574380159378052,232468158,0.0,0.0
2025-08-13,1.0574380159378052,1.1387510299682617,1.042227029800415,1.1187390089035034,1.1187390089035034,310218588,0.0,0.0
2025-08-14,1.1187390089035034,1.134526014328003,0.9858139753341675,0.9989339709281921,0.9989339709281921,391246673,0.0,0.0
2025-08-15,0.9989339709281921,1.0216150283813477,0.9563649892807007,0.985929012298584,0.985929012298584,208390511,0.0,0.0
2025-08-16,0.985929012298584,1.0089149475097656,0.9731699824333191,1.004362940788269,1.004362940788269,117695925,0.0,0.0
2025-08-17,1.004362940788269,1.0351719856262207,0.994612991809845,1.0004589557647705,1.0004589557647705,148772668,0.0,0.0
2025-08-18,1.0004589557647705,1.0018930435180664,0.9446330070495605,0.9526690244674683,0.9526690244674683,190201745,0.0,0.0
2025-08-19,0.9526690244674683,0.9652950167655945,0.8991870284080505,0.8995069861412048,0.8995069861412048,186951975,0.0,0.0
2025-08-20,0.8995760083198547,0.9644960165023804,0.8967589735984802,0.9596549868583679,0.9596549868583679,190627775,0.0,0.0
2025-08-21,0.9596549868583679,0.9642869830131531,0.9224560260772705,0.9330130219459534,0.9330130219459534,119499122,0.0,0.0
2025-08-22,0.9330130219459534,1.0276110172271729,0.8964959979057312,1.0257270336151123,1.0257270336151123,243023121,0.0,0.0
2025-08-23,1.0257270336151123,1.027359962463379,0.9875010251998901,1.008815050125122,1.008815050125122,159203282,0.0,0.0
2025-08-24,1.008787989616394,1.0261939764022827,0.9553340077400208,0.9708279967308044,0.9708279967308044,240256241,0.0,0.0
2025-08-25,0.9708279967308044,0.9829909801483154,0.8683289885520935,0.8826149702072144,0.8826149702072144,265595719,0.0,0.0
2025-08-26,0.8826149702072144,0.9541000127792358,0.8825110197067261,0.95244300365448,0.95244300365448,215339575,0.0,0.0
2025-08-27,0.95244300365448,0.9655730128288269,0.9317389726638794,0.9319109916687012,0.9319109916687012,173854239,0.0,0.0
2025-08-28,0.9319109916687012,0.9629290103912354,0.92610102891922,0.959621012210846,0.959621012210846,147593576,0.0,0.0
2025-08-29,0.9596019983291626,0.9617999792098999,0.8932600021362305,0.9054419994354248,0.9054419994354248,162425497,0.0,0.0
2025-08-30,0.9054639935493469,0.9199320077896118,0.889913022518158,0.9034780263900757,0.9034780263900757,81548525,0.0,0.0
2025-08-31,0.9034780263900757,0.9169710278511047,0.8824300169944763,0.8829270005226135,0.8829270005226135,93020102,0.0,0.0
2025-09-01,0.8829270005226135,0.9055190086364746,0.8359240293502808,0.8543480038642883,0.8543480038642883,164952546,0.0,0.0
2025-09-02,0.8543480038642883,0.8903220295906067,0.8526009917259216,0.8881530165672302,0.8881530165672302,123729946,0.0,0.0
2025-09-03,0.8881530165672302,0.9078919887542725,0.8769869804382324,0.8979880213737488,0.8979880213737488,111383225,0.0,0.0
2025-09-04,0.8979880213737488,0.9021639823913574,0.8621640205383301,0.8666160106658936,0.8666160106658936,121310345,0.0,0.0
2025-09-05,0.8666399717330933,0.9232050180435181,0.8661689758300781,0.9164739847183228,0.9164739847183228,177949132,0.0,0.0
2025-09-06,0.9164739847183228,0.9682679772377014,0.9008349776268005,0.9673979878425598,0.9673979878425598,182019667,0.0,0.0
2025-09-07,0.9673979878425598,1.0727909803390503,0.9548659920692444,1.0329970121383667,1.0329970121383667,482482346,0.0,0.0
2025-09-08,1.033018946647644,1.5730520486831665,1.0317250490188599,1.568755030632019,1.568755030632019,2640030703,0.0,0.0
2025-09-09,1.5687559843063354,2.139702081680298,1.5681920051574707,1.9294110536575317,1.9294110536575317,4369508746,0.0,0.0
2025-09-10,1.9292620420455933,2.0549230575561523,1.7698309421539307,1.8701430559158325,1.8701430559158325,1700613940,0.0,0.0
2025-09-11,1.8702260255813599,1.8784209489822388,1.594208002090454,1.654953956604004,1.654953956604004,915599594,0.0,0.0
2025-09-12,1.6549290418624878,1.7514920234680176,1.5544999837875366,1.6660699844360352,1.6660699844360352,768640441,0.0,0.0
2025-09-13,1.6660699844360352,1.7256239652633667,1.5923789739608765,1.6540809869766235,1.6540809869766235,577607842,0.0,0.0
2025-09-14,1.6540809869766235,1.733922004699707,1.5683640241622925,1.577327013015747,1.577327013015747,765919560,0.0,0.0
2025-09-15,1.577327013015747,1.6094130277633667,1.4695680141448975,1.5117870569229126,1.5117870569229126,487225164,0.0,0.0
2025-09-16,1.5117870569229126,1.5998940467834473,1.4925739765167236,1.5131889581680298,1.5131889581680298,430920782,0.0,0.0
2025-09-17,1.5131640434265137,1.610376000404358,1.4794540405273438,1.598404049873352,1.598404049873352,469787905,0.0,0.0
2025-09-18,1.598404049873352,1.6887929439544678,1.5612330436706543,1.605159044265747,1.605159044265747,511624641,0.0,0.0
2025-09-19,1.605159044265747,1.6152030229568481,1.4993250370025635,1.5114459991455078,1.5114459991455078,298743814,0.0,0.0
2025-09-20,1.5114459991455078,1.5351500511169434,1.485537052154541,1.5044410228729248,1.5044410228729248,214265385,0.0,0.0
2025-09-21,1.5044410228729248,1.525264024734497,1.4538589715957642,1.4690990447998047,1.4690990447998047,231470686,0.0,0.0
2025-09-22,1.4691259860992432,1.4732190370559692,1.3054909706115723,1.3941559791564941,1.3941559791564941,613976722,0.0,0.0
2025-09-23,1.3941559791564941,1.3956120014190674,1.298563003540039,1.3052120208740234,1.3052120208740234,362375500,0.0,0.0
2025-09-24,1.3052120208740234,1.3612849712371826,1.2612450122833252,1.3543360233306885,1.3543360233306885,261939366,0.0,0.0
2025-09-25,1.3543599843978882,1.355131983757019,1.234876036643982,1.2605119943618774,1.2605119943618774,359702468,0.0,0.0
2025-09-26,1.2605140209197998,1.2902859449386597,1.2217819690704346,1.2865339517593384,1.2865339517593384,203091099,0.0,0.0
2025-09-27,1.2865339517593384,1.3812459707260132,1.2673059701919556,1.2757420539855957,1.2757420539855957,247740881,0.0,0.0
2025-09-28,1.275833010673523,1.3444889783859253,1.2407649755477905,1.3301639556884766,1.3301639556884766,161425086,0.0,0.0
2025-09-29,1.3301399946212769,1.3410190343856812,1.2562270164489746,1.2817610502243042,1.2817610502243042,220269683,0.0,0.0
2025-09-30,1.2817610502243042,1.2856470346450806,1.2032289505004883,1.2444939613342285,1.2444939613342285,184947979,0.0,0.0
2025-10-01,1.2444939613342285,1.3295270204544067,1.233780026435852,1.3159140348434448,1.3159140348434448,235028150,0.0,0.0
2025-10-02,1.3159140348434448,1.3653990030288696,1.299517035484314,1.3527690172195435,1.3527690172195435,283154298,0.0,0.0
2025-10-03,1.3527690172195435,1.400791049003601,1.3171249628067017,1.3401559591293335,1.3401559591293335,337877170,0.0,0.0
2025-10-04,1.3401559591293335,1.3409149646759033,1.2533570528030396,1.2709050178527832,1.2709050178527832,185312414,0.0,0.0
2025-10-05,1.2709029912948608,1.3226909637451172,1.252964973449707,1.2558629512786865,1.2558629512786865,231918049,0.0,0.0
2025-10-06,1.2557990550994873,1.3237860202789307,1.246690034866333,1.3067359924316406,1.3067359924316406,237548985,0.0,0.0
2025-10-07,1.3067359924316406,1.3293349742889404,1.1889690160751343,1.1939899921417236,1.1939899921417236,323270433,0.0,0.0
2025-10-08,1.1940120458602905,1.2857999801635742,1.1750110387802124,1.2795599699020386,1.2795599699020386,250274144,0.0,0.0
2025-10-09,1.2795599699020386,1.2795690298080444,1.1796540021896362,1.1999980211257935,1.1999980211257935,222331064,0.0,0.0
2025-10-10,1.1999950408935547,1.3038439750671387,0.3646189868450165,0.8732600212097168,0.8732600212097168,872772458,0.0,0.0
2025-10-11,0.8732600212097168,0.9924309849739075,0.8631370067596436,0.9164019823074341,0.9164019823074341,502085969,0.0,0.0
2025-10-12,0.9164549708366394,1.0426959991455078,0.8939459919929504,1.0047930479049683,1.0047930479049683,328665395,0.0,0.0
2025-10-13,1.0047990083694458,1.0183000564575195,0.9754279851913452,1.0107090473175049,1.0107090473175049,348687315,0.0,0.0
2025-10-14,1.0107090473175049,1.0144280195236206,0.9119889736175537,0.9584280252456665,0.9584280252456665,259762284,0.0,0.0
2025-10-15,0.9584280252456665,0.981357991695404,0.9209280014038086,0.9328020215034485,0.9328020215034485,200349133,0.0,0.0
2025-10-16,0.9328020215034485,0.9585139751434326,0.8893709778785706,0.8972520232200623,0.8972520232200623,231020658,0.0,0.0
2025-10-17,0.8972520232200623,0.9075000286102295,0.8259320259094238,0.8721519708633423,0.8721519708633423,234535201,0.0,0.0
2025-10-18,0.8721519708633423,0.8997550010681152,0.8709310293197632,0.8868610262870789,0.8868610262870789,99689845,0.0,0.0
2025-10-19,0.8868610262870789,0.93094801902771,0.8714789748191833,0.9123929738998413,0.9123929738998413,142121970,0.0,0.0
2025-10-20,0.9123929738998413,0.9415259957313538,0.8926770091056824,0.9179009795188904,0.9179009795188904,150244082,0.0,0.0
2025-10-21,0.9179409742355347,0.9638370275497437,0.8799390196800232,0.8887199759483337,0.8887199759483337,219089694,0.0,0.0
2025-10-22,0.8887199759483337,0.8965619802474976,0.8205050230026245,0.8446850180625916,0.8446850180625916,190595536,0.0,0.0
2025-10-23,0.8446850180625916,0.8694409728050232,0.84101802110672,0.8637980222702026,0.8637980222702026,169427913,0.0,0.0
2025-10-24,0.8637980222702026,0.9067080020904541,0.8576040267944336,0.896045982837677,0.896045982837677,170458768,0.0,0.0
2025-10-25,0.896045982837677,0.900426983833313,0.872573971748352,0.8953920006752014,0.8953920006752014,104646385,0.0,0.0
2025-10-26,0.8953930139541626,0.9571239948272705,0.8796899914741516,0.9487299919128418,0.9487299919128418,213823806,0.0,0.0
2025-10-27,0.9487299919128418,0.9567810297012329,0.9010319709777832,0.9046369791030884,0.9046369791030884,164608084,0.0,0.0
2025-10-28,0.9046369791030884,0.9235410094261169,0.858817994594574,0.8704839944839478,0.8704839944839478,151098423,0.0,0.0
2025-10-29,0.8705490231513977,0.8949499726295471,0.8428980112075806,0.8613010048866272,0.8613010048866272,158700594,0.0,0.0
2025-10-30,0.8612920045852661,0.8705710172653198,0.7690389752388,0.7982839941978455,0.7982839941978455,189765494,0.0,0.0
2025-10-31,0.7982839941978455,0.8166170120239258,0.7847340106964111,0.7993540167808533,0.7993540167808533,124002126,0.0,0.0
2025-11-01,0.7993540167808533,0.8941490054130554,0.7935649752616882,0.8703219890594482,0.8703219890594482,268803473,0.0,0.0
2025-11-02,0.8704130053520203,0.8724510073661804,0.8226770162582397,0.8438119888305664,0.8438119888305664,127163502,0.0,0.0
2025-11-03,0.8437849879264832,0.8437849879264832,0.7145320177078247,0.7284700274467468,0.7284700274467468,242903355,0.0,0.0
2025-11-04,0.7285040020942688,0.737663984298706,0.6612510085105896,0.7047590017318726,0.7047590017318726,265313507,0.0,0.0
2025-11-05,0.7047590017318726,0.7441359758377075,0.672793984413147,0.7402129769325256,0.7402129769325256,150072707,0.0,0.0
2025-11-06,0.7402390241622925,0.7402679920196533,0.6921529769897461,0.7039999961853027,0.7039999961853027,122118089,0.0,0.0
2025-11-07,0.7039999961853027,0.8688780069351196,0.7039420008659363,0.8328700065612793,0.8328700065612793,322690364,0.0,0.0
2025-11-08,0.8328700065612793,0.8505679965019226,0.7949140071868896,0.816195011138916,0.816195011138916,177093222,0.0,0.0
2025-11-09,0.816195011138916,0.8263409733772278,0.7826169729232788,0.8169450163841248,0.8169450163841248,145880020,0.0,0.0
2025-11-10,0.8169450163841248,0.8467919826507568,0.8111940026283264,0.8290150165557861,0.8290150165557861,164175337,0.0,0.0
2025-11-11,0.8290849924087524,0.8432390093803406,0.7706040143966675,0.7711949944496155,0.7711949944496155,161100835,0.0,0.0
2025-11-12,0.7710919976234436,0.8143529891967773,0.746724009513855,0.7610380053520203,0.7610380053520203,143933064,0.0,0.0
2025-11-13,0.7610380053520203,0.8065980076789856,0.7203289866447449,0.7480109930038452,0.7480109930038452,166418233,0.0,0.0
2025-11-14,0.7480109930038452,0.7480239868164062,0.6943309903144836,0.7037479877471924,0.7037479877471924,175907432,0.0,0.0
2025-11-15,0.7037479877471924,0.7252219915390015,0.6917939782142639,0.6992869973182678,0.6992869973182678,112602808,0.0,0.0
2025-11-16,0.6992869973182678,0.7045580148696899,0.655875027179718,0.6735979914665222,0.6735979914665222,143696053,0.0,0.0
2025-11-17,0.6735979914665222,0.6881719827651978,0.6373410224914551,0.6509580016136169,0.6509580016136169,144532929,0.0,0.0
2025-11-18,0.6510760188102722,0.6940749883651733,0.6438140273094177,0.686028003692627,0.686028003692627,145336880,0.0,0.0
2025-11-19,0.686028003692627,0.6883119940757751,0.6342549920082092,0.6666709780693054,0.6666709780693054,126518961,0.0,0.0
2025-11-20,0.6666709780693054,0.7110880017280579,0.6366689801216125,0.6535120010375977,0.6535120010375977,182241694,0.0,0.0
2025-11-21,0.6534630060195923,0.6640310287475586,0.5728560090065002,0.5922620296478271,0.5922620296478271,250566580,0.0,0.0
2025-11-22,0.5922620296478271,0.6110389828681946,0.5853869915008545,0.6049889922142029,0.6049889922142029,124844755,0.0,0.0
2025-11-23,0.6049889922142029,0.6256440281867981,0.6015560030937195,0.6087120175361633,0.6087120175361633,112079441,0.0,0.0
2025-11-24,0.6087049841880798,0.6441249847412109,0.5978490114212036,0.6365270018577576,0.6365270018577576,137127797,0.0,0.0
2025-11-25,0.6365270018577576,0.6440659761428833,0.61592698097229,0.640887975692749,0.640887975692749,100548276,0.0,0.0
2025-11-26,0.6409279704093933,0.6587899923324585,0.6189020276069641,0.6555799841880798,0.6555799841880798,94562052,0.0,0.0
2025-11-27,0.6555920243263245,0.668819010257721,0.6449739933013916,0.6534429788589478,0.6534429788589478,95866530,0.0,0.0
2025-11-28,0.6534439921379089,0.6657090187072754,0.6350749731063843,0.6496610045433044,0.6496610045433044,110453636,0.0,0.0
2025-11-29,0.6496610045433044,0.6574000120162964,0.6295660138130188,0.6317179799079895,0.6317179799079895,79048728,0.0,0.0
2025-11-30,0.6317179799079895,0.6436079740524292,0.6241769790649414,0.6248040199279785,0.6248040199279785,79031122,0.0,0.0
2025-12-01,0.6236280202865601,0.6236280202865601,0.5579559803009033,0.5746510028839111,0.5746510028839111,132471726,0.0,0.0
